STATE,ST_CASE,VE_TOTAL,VE_FORMS,PVH_INVL,PEDS,PERNOTMVIT,PERMVIT,PERSONS,COUNTY,CITY,DAY,MONTH,YEAR,DAY_WEEK,HOUR,MINUTE,NHS,RUR_URB,FUNC_SYS,RD_OWNER,ROUTE,TWAY_ID,TWAY_ID2,MILEPT,LATITUDE,LONGITUD,SP_JUR,HARM_EV,MAN_COLL,RELJCT1,RELJCT2,TYP_INT,WRK_ZONE,REL_ROAD,LGT_COND,WEATHER1,WEATHER2,WEATHER,SCH_BUS,RAIL,NOT_HOUR,NOT_MIN,ARR_HOUR,ARR_MIN,HOSP_HR,HOSP_MN,CF1,CF2,CF3,FATALS,DRUNK_DR
49,490091,1,1,0,0,0,5,5,45,0,31,5,2016,3,22,30,0,1,3,1,3,SR-73,,30,40.36528889,-112.341705560000,0,1,0,0,1,1,0,4,2,1,0,1,0,0000000,22,36,22,53,1,12,0,0,0,1,0
49,490092,1,1,0,0,0,1,1,35,344,13,5,2016,6,13,57,1,2,1,1,1,I-15,,2915,40.50040833,-111.891244440000,0,5,0,0,1,1,1,1,1,1,0,1,0,0000000,13,56,14,8,14,25,0,0,0,1,0
49,490093,3,3,0,0,0,7,7,47,2010,27,5,2016,6,13,49,1,1,3,1,2,US-40,MCCOY FLATS ROAD,1379,40.39055278,-109.595991670000,0,12,1,0,2,3,0,1,1,1,0,1,0,0000000,13,51,13,57,14,23,0,0,0,1,0
49,490094,3,1,2,2,2,1,1,35,1020,1,6,2016,4,13,0,0,1,3,1,3,SR-201,,42,40.71945556,-112.147705560000,0,8,0,0,1,1,0,2,1,1,0,1,0,0000000,13,6,13,22,13,48,14,23,0,2,0
49,490095,2,2,0,0,0,2,2,11,1320,1,6,2016,4,12,32,0,2,5,4,6,CENTER STREET,880 WEST,0,40.84191944,-111.936230560000,0,12,6,0,2,3,0,1,1,1,0,1,0,0000000,99,99,99,99,99,99,0,0,0,1,0
49,490096,1,1,0,1,1,1,1,13,0,3,6,2016,6,5,21,0,1,4,1,3,SR-191,,2849,40.06785556,-110.512808330000,0,8,0,0,1,1,0,1,4,10,0,10,0,0000000,5,35,5,45,6,41,0,0,0,1,0
49,490097,1,1,0,0,0,1,1,53,2020,5,6,2016,1,23,5,0,1,3,1,3,SR-9,,195,37.19600833,-113.156736110000,0,35,0,0,1,1,0,4,2,1,0,1,0,0000000,23,7,23,26,88,88,0,0,0,1,0
49,490098,2,2,0,0,0,3,3,39,450,8,6,2016,4,13,32,1,1,3,1,2,US-89,,2849,39.64118333,-111.448572220000,0,12,6,0,1,1,0,1,1,10,0,10,0,0000000,13,44,14,0,14,15,0,0,0,1,0
49,490099,1,1,0,0,0,4,4,3,730,9,6,2016,5,5,18,1,1,1,1,1,I-84,,261,41.82003611,-112.417177780000,0,1,0,0,1,1,0,3,4,10,0,10,0,0000000,5,21,5,38,99,99,0,0,0,1,0
49,490100,1,1,0,0,0,1,1,43,0,10,6,2016,6,16,46,1,1,1,1,1,I-80,,1736,41.07260833,-111.259852780000,0,20,0,0,1,1,0,3,1,10,0,10,0,0000000,16,46,16,57,88,88,0,0,0,1,0
49,490101,1,1,0,0,0,1,1,3,0,10,6,2016,6,19,50,1,1,1,1,1,I-15,,3707,41.60919444,-112.082602780000,0,1,0,0,1,1,0,3,1,10,0,10,0,0000000,19,55,20,4,20,5,0,0,0,1,0
49,490102,2,2,0,0,0,3,3,49,0,12,6,2016,1,5,39,0,1,4,1,3,SR-68,,100,40.10555000,-111.959125000000,0,12,7,0,1,1,0,1,2,10,0,10,0,0000000,99,99,99,99,99,99,0,0,0,1,0
49,490103,3,2,1,0,0,2,2,57,1350,15,6,2016,4,1,41,0,2,3,1,3,SR-204,22ND ST,0,41.22705833,-111.978711110000,0,12,6,0,2,2,0,1,3,1,0,1,0,0000000,1,44,1,48,2,13,0,0,0,1,0
49,490104,2,2,0,0,0,4,4,49,970,15,6,2016,4,19,35,0,2,3,1,3,SR-114,200 SOUTH,0,40.33359444,-111.738658330000,0,12,6,0,2,2,0,1,1,1,0,1,0,0000000,99,99,99,99,99,99,0,0,0,1,0
49,490105,1,1,0,0,0,8,8,3,0,18,6,2016,7,21,22,1,1,1,1,1,I-84,,152,41.90281667,-112.581775000000,0,1,0,0,1,1,0,1,5,1,0,1,0,0000000,21,39,21,42,99,99,0,0,0,1,0
49,490106,2,2,0,0,0,2,2,21,190,18,6,2016,7,5,44,0,2,3,1,6,MAIN STREET,,0,37.69251111,-113.062016670000,0,12,6,0,1,1,0,1,3,1,0,1,0,0000000,5,46,5,50,99,99,0,0,0,1,0
49,490107,2,2,0,0,0,2,2,35,2100,18,6,2016,7,8,32,0,2,3,1,3,SR-68,,0,40.62337500,-111.938780560000,0,12,1,0,1,1,0,1,1,1,0,1,0,0000000,8,33,8,36,99,99,0,0,0,1,0
49,490108,1,1,0,1,1,2,2,5,990,20,6,2016,2,18,56,0,2,7,4,6,1330 WEST,,0,41.70294444,-111.867644440000,0,8,0,0,8,1,0,1,1,1,0,1,0,0000000,18,57,19,2,99,99,0,0,0,1,0
49,490109,2,2,0,0,0,2,2,11,910,21,6,2016,3,22,30,0,2,4,1,6,ANTELOPE DRIVE,700 WEST,0,41.08917222,-111.979536110000,0,12,6,0,2,2,0,1,3,1,0,1,0,0000000,22,30,22,39,22,55,0,0,0,1,0
49,490111,1,1,0,0,0,1,1,35,1700,28,6,2016,3,21,7,0,2,3,1,3,SR-210,,0,40.58601111,-111.792147220000,0,42,0,0,1,1,0,4,5,1,0,1,0,0000000,21,8,21,18,99,99,0,0,0,1,1
49,490112,1,1,0,0,0,3,3,15,0,29,6,2016,4,13,54,1,1,1,1,1,I-70,,1363,38.89424444,-110.617086110000,0,35,0,0,1,1,0,4,1,1,0,1,0,0000000,13,55,14,23,15,54,0,0,0,3,0
49,490113,3,2,1,0,0,3,3,57,1650,30,6,2016,5,0,10,0,2,5,1,6,3500 WEST,6000 SOUTH,0,41.15437222,-112.064530560000,0,12,1,0,2,2,0,1,3,10,0,10,0,0000000,0,9,0,12,99,99,0,0,0,2,0
49,490114,1,1,0,0,0,1,1,11,1830,11,5,2016,4,17,47,1,2,1,1,1,I-84,,846,41.14988611,-111.969358330000,0,21,0,0,1,1,0,3,1,1,0,1,0,0000000,17,48,17,56,88,88,0,0,0,1,0
49,490115,2,1,1,0,2,1,3,35,1240,6,6,2016,2,14,35,1,2,1,1,1,I-15,,3012,40.66759722,-111.901216670000,0,14,0,0,1,1,0,6,1,1,0,1,0,0000000,14,37,14,44,99,99,0,0,0,1,0
49,490116,1,1,0,0,0,8,8,27,0,9,6,2016,5,11,42,1,1,1,1,1,I-15,,1744,39.02748056,-112.300966670000,0,1,0,0,1,1,0,1,1,10,0,10,0,0000000,11,45,11,57,12,31,0,0,0,1,0
49,490117,2,2,0,0,0,2,2,35,2100,1,7,2016,6,14,4,1,2,3,1,3,SR-68,,0,40.63115556,-111.938791670000,0,12,6,0,1,1,0,1,1,1,0,1,0,0000000,14,4,14,10,99,99,0,0,0,1,1
49,490118,4,4,0,0,0,10,10,15,0,1,7,2016,6,20,47,1,1,3,1,2,US-6,,2984,38.98978889,-110.247113890000,0,72,0,0,1,1,1,1,5,10,0,10,0,0000000,20,47,20,57,22,8,14,0,0,1,0
49,490119,2,2,0,0,0,4,4,51,0,3,7,2016,1,13,25,1,1,3,1,2,US-40,,454,40.18868889,-111.071072220000,0,12,2,0,1,1,0,1,1,10,0,10,0,0000000,13,31,14,28,15,16,0,0,0,1,0
49,490120,1,1,0,0,0,1,1,15,0,4,7,2016,2,15,15,0,1,7,2,6,UPPER JOES VALLEY RD,,0,39.30800556,-111.273233330000,0,1,0,0,1,1,0,1,1,1,0,1,0,0000000,88,88,88,88,88,88,0,0,0,1,0
49,490121,1,1,0,0,0,1,1,35,1700,9,5,2016,2,12,59,0,1,7,26,8,SNOWBIRD CENTER DRIVE,,0,40.58064722,-111.657922220000,0,41,0,0,1,1,0,4,1,10,0,10,0,0000000,13,2,13,16,88,88,0,0,0,1,0
49,490122,1,1,0,0,0,2,2,49,1860,11,6,2016,7,16,38,0,1,7,2,5,HOBBLE CREEK CANYON,,0,40.16506389,-111.498427780000,0,42,0,0,1,1,0,4,1,1,0,1,0,0000000,88,88,88,88,88,88,0,0,0,2,1
49,490123,2,2,0,0,0,4,4,27,0,30,6,2016,5,14,45,1,1,1,1,1,I-15,,1803,39.16899444,-112.214605560000,0,12,2,0,1,1,0,1,1,10,0,10,0,0000000,14,50,15,3,16,0,0,0,0,1,0
49,490124,2,2,0,0,0,6,6,41,0,6,7,2016,4,17,24,1,1,1,1,1,I-70,,624,38.92444167,-111.770813890000,0,12,7,0,1,1,0,1,1,1,0,1,0,0000000,17,32,17,38,18,22,0,0,0,1,0
49,490125,1,1,0,0,0,3,3,17,0,8,7,2016,6,14,45,0,1,7,2,5,HORSEVALLEY,,0,37.74493611,-112.653752780000,0,1,0,0,1,1,0,2,1,1,0,1,0,0000000,99,99,99,99,99,99,0,0,0,1,0
49,490126,1,1,0,0,0,1,1,23,950,2,7,2016,7,12,23,0,1,7,2,5,SPRING CANYON,CEMETERY ROAD,0,39.62985278,-112.023755560000,0,38,0,0,3,3,0,4,1,1,0,1,0,0000000,99,99,99,99,88,88,0,0,0,1,1
49,490127,1,1,0,1,1,1,1,35,344,15,6,2016,4,16,34,0,2,4,1,6,LONE PEAK PARKWAY,12300 S,0,40.52677500,-111.895677780000,0,9,0,0,2,2,0,1,1,1,0,1,0,0000000,16,34,16,39,17,0,0,0,0,1,0
49,490128,1,1,0,0,0,1,1,41,0,16,6,2016,5,18,5,1,1,1,1,1,I-70,,859,38.75660000,-111.440161110000,0,1,0,0,1,1,0,2,1,1,0,1,0,0000000,18,9,18,41,19,0,0,0,0,1,0
49,490129,1,1,0,0,0,2,2,35,1820,28,6,2016,3,12,1,1,2,3,1,2,US-89,,0,40.69297222,-111.888244440000,0,30,0,0,1,1,0,4,1,1,0,1,0,0000000,12,1,12,5,88,88,0,0,0,1,0
49,490130,2,1,1,0,0,1,1,35,1700,29,6,2016,4,13,18,0,2,7,4,6,1300 E,,0,40.75339722,-111.853866670000,0,14,0,0,1,1,0,7,1,10,0,10,0,0000000,12,18,12,21,12,50,0,0,0,1,0
49,490131,4,4,0,0,0,7,7,49,0,15,7,2016,6,14,15,1,1,3,1,2,US-6,,2212,39.81555556,-110.938791670000,0,12,8,0,1,1,0,1,1,1,0,1,0,0000000,14,20,14,41,99,99,0,0,0,1,0
49,490132,2,2,0,0,0,2,2,35,865,20,7,2016,4,6,29,1,2,3,1,3,SR-173,SR-172,0,40.65302778,-112.024613890000,0,12,6,0,2,2,0,1,1,1,0,1,0,0000000,99,99,99,99,99,99,0,0,0,1,0
49,490133,3,3,0,0,0,4,4,11,910,20,7,2016,4,7,7,0,2,4,4,6,FAIRFIELD DR,ANTELOPE DR,0,41.08886111,-111.950119440000,0,12,6,0,2,2,0,1,1,10,0,10,0,0000000,7,8,7,12,8,5,0,0,0,1,0
49,490134,1,1,0,0,0,2,2,37,1205,4,3,2016,6,10,30,0,1,5,1,2,US-163,,50,37.02145833,-110.142622220000,0,1,0,0,1,1,0,4,1,99,0,99,0,0000000,10,42,10,49,15,28,0,0,0,2,1
49,490135,2,2,0,0,0,4,4,35,311,30,5,2016,2,21,21,0,2,3,1,6,WASATCH BLVD,,0,40.70595278,-111.795405560000,0,12,1,0,1,1,0,1,1,1,0,1,0,0000000,21,23,21,32,22,11,0,0,0,1,2
49,490136,1,1,0,0,0,3,3,57,1650,31,5,2016,3,19,42,1,2,1,1,1,I-15,,3379,41.15576667,-112.024755560000,0,1,0,0,1,1,0,1,1,1,0,1,0,0000000,19,42,19,47,19,59,0,0,0,2,1
49,490137,1,1,0,0,0,1,1,37,1205,6,6,2016,2,2,17,0,1,7,2,4,CR-420,,0,37.06437500,-110.306622220000,0,1,0,9,99,99,0,99,2,99,0,99,0,0000000,99,99,99,99,88,88,0,0,0,1,0
49,490138,1,1,0,0,0,1,1,45,2015,22,7,2016,6,13,8,0,1,5,1,3,SR-36,,300,40.21480556,-112.406416670000,0,1,0,0,1,1,0,1,1,1,0,1,0,0000000,13,21,13,39,14,29,0,0,0,1,1
49,490139,1,1,0,0,0,1,1,5,0,24,7,2016,1,13,12,1,1,3,1,2,US-89,,4780,41.78699444,-111.642741670000,0,24,0,0,1,1,0,4,1,1,0,1,0,0000000,13,11,13,32,88,88,0,0,0,1,0
49,490140,1,1,0,0,0,5,5,3,0,25,7,2016,2,7,35,1,1,1,1,1,I-84,,129,41.91651111,-112.620805560000,0,1,0,0,1,1,0,3,1,1,0,1,0,0000000,7,37,7,52,99,99,0,0,0,2,0
49,490141,1,1,0,1,1,1,1,11,140,25,7,2016,2,10,25,0,2,7,4,6,200 WEST,100 SOUTH,0,40.88829444,-111.885636110000,0,8,0,0,2,3,0,1,1,1,0,1,0,0000000,10,27,10,32,99,99,0,0,0,1,0
49,490142,2,2,0,0,0,3,3,19,0,27,7,2016,4,18,30,1,1,1,1,1,I-70,,1984,38.94023056,-109.520075000000,0,12,6,0,1,1,0,1,1,1,0,1,0,0000000,18,35,19,17,88,88,0,0,0,1,0
49,490143,1,1,0,0,0,3,3,35,685,28,7,2016,5,7,0,0,1,6,2,3,SR-2688,,145,40.48940278,-112.156402780000,0,1,0,0,1,1,0,4,1,1,0,1,0,0000000,6,59,7,30,9,42,0,0,0,1,1
49,490144,2,2,0,0,0,6,6,23,0,30,7,2016,7,18,25,0,1,4,1,3,SR-132,,399,39.71526667,-111.724747220000,0,12,2,0,1,1,0,1,1,10,0,10,0,0000000,18,26,18,35,21,12,0,0,0,1,0
49,490145,1,1,0,0,0,3,3,3,0,1,8,2016,2,13,21,1,1,1,1,1,I-84,,151,41.90122222,-112.580111110000,0,1,0,0,1,1,0,3,1,1,0,1,0,0000000,13,23,13,40,14,13,0,0,0,1,0
49,490146,3,3,0,0,0,5,5,11,1900,3,8,2016,4,21,50,0,2,3,1,3,SR-126,2300 NORTH,0,41.14715556,-112.026080560000,0,12,2,0,2,3,0,1,3,1,0,1,0,0000000,21,51,21,55,99,99,0,0,0,2,0
49,490147,1,1,0,0,0,3,3,49,1560,4,8,2016,5,4,12,0,2,6,4,6,820 NORTH,,0,40.24593889,-111.632711110000,0,42,0,0,1,1,0,4,2,1,0,1,0,0000000,4,23,4,29,4,47,0,0,0,1,1
49,490148,2,2,0,0,0,2,2,35,311,4,8,2016,5,19,8,0,2,3,4,6,6930 S,HIGHLAND DRIVE,0,40.62467222,-111.834269440000,0,12,6,0,2,2,0,1,1,1,0,1,0,0000000,99,98,99,98,88,88,0,0,0,1,1
49,490149,1,1,0,0,0,2,2,35,1700,25,7,2016,2,21,4,0,2,5,4,6,900 SOUTH,600 WEST,0,40.74973611,-111.908844440000,0,10,0,0,6,1,0,1,5,1,0,1,0,9999999,21,4,21,10,21,30,0,0,0,1,0
49,490150,2,2,0,0,0,6,6,35,2113,2,7,2016,7,2,19,1,2,3,1,3,SR-171,,0,40.69666944,-111.936350000000,0,12,1,0,1,1,0,1,3,1,0,1,0,0000000,2,22,2,26,88,88,0,0,0,1,1
49,490151,1,1,0,0,0,1,1,29,1210,25,7,2016,2,17,38,0,1,5,1,3,SR-65,,135,40.85301667,-111.594311110000,0,35,0,0,1,1,0,4,1,1,0,1,0,0000000,88,88,88,88,88,88,0,0,0,1,0
49,490152,2,2,0,0,0,2,2,49,1560,29,7,2016,6,14,13,1,2,3,4,2,US-89,800 SOUTH,0,40.22331389,-111.641683330000,0,12,6,0,2,3,0,1,1,1,0,1,0,0000000,14,16,14,19,14,42,0,0,0,1,0
49,490153,1,1,0,1,1,1,1,49,1560,29,7,2016,6,23,55,0,2,3,4,6,BULLDOG BLVD,FREEDOM BLVD,0,40.25062222,-111.662016670000,0,9,0,0,2,2,0,1,3,1,0,1,0,0000000,23,57,23,59,0,10,0,0,0,1,0
49,490154,1,1,0,0,0,3,3,35,1700,14,6,2016,3,20,8,1,2,1,1,1,I-80,,1135,40.77090833,-112.015708330000,0,26,0,0,1,1,0,4,1,1,0,1,0,0000000,20,7,20,16,20,35,0,0,0,1,0
49,490155,2,2,0,0,0,3,3,9,0,23,7,2016,7,10,50,0,1,7,2,5,LITTLE HOLE ROAD,,0,40.89701667,-109.289011110000,0,12,8,0,1,1,0,1,1,10,0,10,0,0000000,88,88,88,88,88,88,0,0,0,1,0
49,490157,1,1,0,0,0,1,1,25,0,5,8,2016,6,0,0,0,1,3,1,3,SR-9,,561,37.21958056,-112.698455560000,0,35,0,0,1,1,0,4,2,1,0,1,0,0000000,9,10,9,25,99,99,0,0,0,1,0
49,490158,1,1,0,0,0,3,3,53,9997,13,8,2016,7,10,52,0,1,7,2,8,PRIVATE ROAD,,0,37.40439167,-113.063019440000,0,35,0,0,1,1,0,4,1,1,0,1,0,0000000,88,88,88,88,88,88,0,0,0,1,0
49,490159,1,1,0,0,0,2,2,35,344,14,8,2016,1,17,54,0,2,4,4,6,TRAVERSE RIDGE ROAD,,0,40.48473056,-111.867675000000,0,1,0,0,1,1,0,1,1,1,0,1,0,0000000,17,54,18,1,18,28,0,0,0,1,1
49,490161,2,2,0,0,0,3,3,49,366,17,8,2016,4,1,54,1,2,3,1,3,SR-73,,0,40.38080556,-111.973263890000,0,12,2,0,1,1,0,1,2,1,0,1,0,0000000,1,54,2,3,88,88,0,0,0,2,0
49,490162,3,3,0,0,0,3,3,35,1700,29,7,2016,6,7,35,1,2,1,1,1,I-15,,3069,40.74974722,-111.909300000000,0,12,9,0,1,1,0,1,1,10,0,10,0,0000000,7,39,7,49,88,88,0,0,0,1,0
49,490163,2,2,0,0,0,2,2,35,1700,25,8,2016,5,7,35,1,2,3,4,3,SR-68,1900 SOUTH,0,40.72876389,-111.939022220000,0,12,2,0,3,3,0,1,1,10,0,10,0,0000000,7,36,7,42,7,48,0,0,0,1,0
49,490164,1,1,0,1,1,1,1,35,124,16,7,2016,7,12,38,0,2,7,4,6,4000 WEST,,0,40.49711389,-111.986200000000,0,8,0,0,1,1,0,1,1,1,0,1,0,0000000,12,39,12,45,88,88,0,0,0,1,0
49,490165,2,2,0,0,0,2,2,35,2113,19,7,2016,3,13,44,0,2,7,4,6,2100 SOUTH,5600 WEST,0,40.72294722,-112.024930560000,0,12,6,1,2,2,0,1,1,1,0,1,0,0000000,13,45,13,51,99,99,0,0,0,1,0
49,490166,2,2,0,0,0,2,2,5,960,30,7,2016,7,18,19,0,1,4,1,2,US-91,,452,41.99883333,-111.812788890000,0,12,1,0,1,1,0,1,1,1,0,1,0,0000000,18,20,18,30,88,88,0,0,0,1,0
49,490167,2,2,0,0,0,2,2,11,260,3,9,2016,7,13,27,0,2,5,4,6,450 SOUTH,500 EAST,0,41.10720000,-112.016327780000,0,12,6,0,2,2,0,1,1,1,0,1,0,0000000,13,28,13,36,14,7,0,0,0,1,1
49,490168,3,3,0,0,0,4,4,35,1240,29,7,2016,6,11,12,0,2,3,4,3,SR-173,700 WEST,0,40.65373056,-111.910291670000,0,12,6,0,2,2,0,1,1,1,0,1,0,0000000,11,15,11,18,99,99,0,0,0,1,0
49,490169,2,2,0,0,0,3,3,23,0,5,8,2016,6,13,45,0,2,3,1,3,SR-28,FOUR MILE ROAD,378,39.67110556,-111.846922220000,0,12,2,0,2,3,0,1,1,10,0,10,0,0000000,13,50,13,56,14,13,0,0,0,1,0
49,490170,1,1,0,0,0,1,1,43,0,12,8,2016,6,14,1,0,2,6,1,2,US-40,,26,40.72315833,-111.491305560000,0,35,0,0,1,1,0,4,1,1,0,1,0,0000000,14,2,14,7,88,88,0,0,0,1,1
49,490171,1,1,0,0,0,1,1,45,1940,16,8,2016,3,4,33,0,2,7,4,6,2497 NORTH,,0,40.58161389,-112.315836110000,0,38,0,0,1,1,0,4,2,1,0,1,0,0000000,88,88,88,88,88,88,0,0,0,1,1
49,490172,1,1,0,0,0,1,1,51,0,22,8,2016,2,20,41,1,1,2,1,2,US-40,,113,40.58701111,-111.436563890000,0,1,0,0,1,1,0,3,2,1,0,1,0,0000000,20,41,20,51,21,19,0,0,0,1,0
49,490173,2,2,0,0,0,6,6,35,2113,5,9,2016,2,15,14,0,2,3,1,3,SR-172,4100 SOUTH,0,40.68208889,-112.024775000000,0,12,6,0,2,2,0,1,1,1,0,1,0,0000000,15,15,15,19,99,99,0,0,0,1,0
49,490174,2,2,0,0,0,4,4,53,0,10,9,2016,7,3,50,1,1,1,1,1,I-15,,346,37.39163056,-113.243591670000,0,12,1,0,1,1,0,1,2,1,0,1,0,0000000,3,50,4,4,88,88,0,0,0,2,1
49,490175,1,1,0,0,0,2,2,5,0,11,9,2016,1,15,35,0,1,7,2,5,8600 SOUTH,,0,41.57842778,-111.806322220000,0,18,0,0,1,1,0,4,1,1,0,1,0,0000000,15,37,15,44,99,99,0,0,0,1,0
49,490176,1,1,0,0,0,1,1,21,0,12,9,2016,2,13,19,1,1,1,1,1,I-15,,460,37.53758333,-113.204611110000,0,1,0,0,1,1,0,3,1,1,0,1,0,0000000,13,25,13,37,88,88,0,0,0,1,0
49,490177,1,1,0,0,0,1,1,35,1700,13,9,2016,3,16,29,0,2,5,1,6,200 SOUTH,300 WEST,0,40.76500000,-111.899700000000,0,1,0,0,2,2,0,1,1,1,0,1,0,0000000,17,29,17,33,99,99,0,0,0,1,0
49,490178,1,1,0,1,1,3,3,35,2113,6,9,2016,3,20,32,0,2,3,1,3,SR-171,,0,40.69656944,-112.001719440000,0,8,0,0,1,1,0,1,2,1,0,1,0,0000000,20,32,20,36,99,99,0,0,0,1,0
49,490179,1,1,0,0,0,5,5,45,0,7,9,2016,4,19,2,1,1,1,1,1,I-80,,439,40.72628611,-113.172180560000,0,1,0,0,1,1,0,4,5,1,0,1,0,0000000,19,5,19,40,21,59,0,0,0,1,0